{
	"$schema": "https://schemas.wp.org/wp/6.6/theme.json",
	"settings": {
		"appearanceTools": true,
		"blocks": {
			"core/image": {
				"lightbox": {
					"allowEditing": false,
					"enabled": false
				}
			}
		},
		"color": {
			"background": true,
			"custom": true,
			"customDuotone": true,
			"customGradient": true,
			"defaultDuotone": false,
			"defaultGradients": false,
			"defaultPalette": false,
			"duotone": [],
			"gradients": [],
			"palette": [
				{
					"color": "#000000",
					"name": "Primary",
					"slug": "primary"
				},
				{
					"color": "#1a7a89",
					"name": "Secondary",
					"slug": "secondary"
				},
				{
					"color": "#000000",
					"name": "Foreground",
					"slug": "foreground"
				},
				{
					"color": "#ffffff",
					"name": "Background",
					"slug": "background"
				},
				{
					"color": "#edf1f4",
					"name": "Tertiary",
					"slug": "tertiary"
				}
			],
			"text": true
		},
		"layout": {
			"contentSize": "680px",
			"wideSize": "1110px"
		},
		"shadow": {
			"defaultPresets": true,
			"presets": []
		},
		"spacing": {
			"customSpacingSize": true,
			"defaultSpacingSizes": false,
			"spacingSizes": [
				{
					"name": "1",
					"size": "0.25rem",
					"slug": "30"
				},
				{
					"name": "2",
					"size": "1rem",
					"slug": "40"
				},
				{
					"name": "3",
					"size": "1.75rem",
					"slug": "50"
				},
				{
					"name": "4",
					"size": "clamp(1.75rem, 3.5211268vw, 3.5rem)",
					"slug": "60"
				},
				{
					"name": "5",
					"size": "clamp(3.5rem, 7.3943662vw, 5.25rem)",
					"slug": "70"
				},
				{
					"name": "6",
					"size": "clamp(5.25rem, 12.3239437vw, 8.75rem)",
					"slug": "80"
				}
			],
			"units": [
				"%",
				"px",
				"em",
				"rem",
				"vh",
				"vw"
			]
		},
		"typography": {
			"customFontSize": true,
			"defaultFontSizes": false,
			"dropCap": true,
			"fluid": true,
			"fontFamilies": [
				{
					"fontFace": [
						{
							"fontFamily": "Playfair Display",
							"fontStyle": "normal",
							"fontWeight": "400",
							"src": [
								"file:./assets/fonts/playfair-display_normal_400.ttf"
							]
						},
						{
							"fontFamily": "Playfair Display",
							"fontStyle": "normal",
							"fontWeight": "500",
							"src": [
								"file:./assets/fonts/playfair-display_normal_500.ttf"
							]
						},
						{
							"fontFamily": "Playfair Display",
							"fontStyle": "normal",
							"fontWeight": "600",
							"src": [
								"file:./assets/fonts/playfair-display_normal_600.ttf"
							]
						},
						{
							"fontFamily": "Playfair Display",
							"fontStyle": "normal",
							"fontWeight": "700",
							"src": [
								"file:./assets/fonts/playfair-display_normal_700.ttf"
							]
						},
						{
							"fontFamily": "Playfair Display",
							"fontStyle": "normal",
							"fontWeight": "800",
							"src": [
								"file:./assets/fonts/playfair-display_normal_800.ttf"
							]
						},
						{
							"fontFamily": "Playfair Display",
							"fontStyle": "normal",
							"fontWeight": "900",
							"src": [
								"file:./assets/fonts/playfair-display_normal_900.ttf"
							]
						},
						{
							"fontFamily": "Playfair Display",
							"fontStyle": "italic",
							"fontWeight": "400",
							"src": [
								"file:./assets/fonts/playfair-display_italic_400.ttf"
							]
						},
						{
							"fontFamily": "Playfair Display",
							"fontStyle": "italic",
							"fontWeight": "500",
							"src": [
								"file:./assets/fonts/playfair-display_italic_500.ttf"
							]
						},
						{
							"fontFamily": "Playfair Display",
							"fontStyle": "italic",
							"fontWeight": "600",
							"src": [
								"file:./assets/fonts/playfair-display_italic_600.ttf"
							]
						},
						{
							"fontFamily": "Playfair Display",
							"fontStyle": "italic",
							"fontWeight": "700",
							"src": [
								"file:./assets/fonts/playfair-display_italic_700.ttf"
							]
						},
						{
							"fontFamily": "Playfair Display",
							"fontStyle": "italic",
							"fontWeight": "800",
							"src": [
								"file:./assets/fonts/playfair-display_italic_800.ttf"
							]
						},
						{
							"fontFamily": "Playfair Display",
							"fontStyle": "italic",
							"fontWeight": "900",
							"src": [
								"file:./assets/fonts/playfair-display_italic_900.ttf"
							]
						}
					],
					"fontFamily": "Playfair Display",
					"slug": "playfair-display"
				},
				{
					"fontFace": [
						{
							"fontFamily": "Instrument Sans",
							"fontStyle": "normal",
							"fontWeight": "400",
							"src": [
								"file:./assets/fonts/instrument-sans_normal_400.ttf"
							]
						},
						{
							"fontFamily": "Instrument Sans",
							"fontStyle": "normal",
							"fontWeight": "500",
							"src": [
								"file:./assets/fonts/instrument-sans_normal_500.ttf"
							]
						},
						{
							"fontFamily": "Instrument Sans",
							"fontStyle": "normal",
							"fontWeight": "600",
							"src": [
								"file:./assets/fonts/instrument-sans_normal_600.ttf"
							]
						},
						{
							"fontFamily": "Instrument Sans",
							"fontStyle": "normal",
							"fontWeight": "700",
							"src": [
								"file:./assets/fonts/instrument-sans_normal_700.ttf"
							]
						},
						{
							"fontFamily": "Instrument Sans",
							"fontStyle": "italic",
							"fontWeight": "400",
							"src": [
								"file:./assets/fonts/instrument-sans_italic_400.ttf"
							]
						},
						{
							"fontFamily": "Instrument Sans",
							"fontStyle": "italic",
							"fontWeight": "500",
							"src": [
								"file:./assets/fonts/instrument-sans_italic_500.ttf"
							]
						},
						{
							"fontFamily": "Instrument Sans",
							"fontStyle": "italic",
							"fontWeight": "600",
							"src": [
								"file:./assets/fonts/instrument-sans_italic_600.ttf"
							]
						},
						{
							"fontFamily": "Instrument Sans",
							"fontStyle": "italic",
							"fontWeight": "700",
							"src": [
								"file:./assets/fonts/instrument-sans_italic_700.ttf"
							]
						}
					],
					"fontFamily": "Instrument Sans",
					"slug": "instrument-sans"
				}
			],
			"fontSizes": [
				{
					"fluid": false,
					"name": "Small",
					"size": "0.9rem",
					"slug": "small"
				},
				{
					"fluid": false,
					"name": "Medium",
					"size": "1.0625rem",
					"slug": "medium"
				},
				{
					"fluid": {
						"max": "1.85rem",
						"min": "1.39rem"
					},
					"name": "Large",
					"size": "1.85rem",
					"slug": "large"
				},
				{
					"fluid": {
						"max": "2.5rem",
						"min": "1.85rem"
					},
					"name": "Extra Large",
					"size": "2.5rem",
					"slug": "x-large"
				},
				{
					"fluid": {
						"max": "3.27rem",
						"min": "2.5rem"
					},
					"name": "Extra Extra Large",
					"size": "3.27rem",
					"slug": "xx-large"
				}
			],
			"fontStyle": true,
			"fontWeight": true,
			"letterSpacing": true,
			"textDecoration": true,
			"textTransform": true
		},
		"useRootPaddingAwareAlignments": true
	},
	"styles": {
		"blocks": {
			"core/button": {
				"border": {
					"bottom": {
						"style": "none",
						"width": "0px"
					},
					"color": null,
					"left": {
						"style": "none",
						"width": "0px"
					},
					"radius": "0px",
					"right": {
						"style": "none",
						"width": "0px"
					},
					"style": null,
					"top": {
						"style": "none",
						"width": "0px"
					},
					"width": null
				},
				"color": {
					"background": "var(--wp--preset--color--primary)",
					"text": "var(--wp--preset--color--background)"
				},
				"elements": {
					"link": {
						"color": {
							"text": "var(--wp--preset--color--background)"
						}
					}
				},
				"spacing": {
					"padding": {
						"bottom": "var(--wp--preset--spacing--40)",
						"top": "var(--wp--preset--spacing--40)"
					}
				},
				"typography": {
					"lineHeight": "1"
				},
				"variations": {
					"outline": {
						"border": {
							"color": "var(--wp--preset--color--secondary)"
						},
						"color": {
							"text": "var(--wp--preset--color--secondary)"
						},
						"spacing": {
							"padding": {
								"bottom": "14px",
								"top": "14px"
							}
						}
					}
				}
			},
			"core/buttons": {
				"spacing": {
					"blockGap": "var(--wp--preset--spacing--40)"
				}
			},
			"core/code": {
				"border": {
					"color": "var(--wp--preset--color--foreground)",
					"radius": "0.25rem",
					"style": "solid",
					"width": "2px"
				},
				"spacing": {
					"padding": {
						"bottom": "var(--wp--preset--spacing--50)",
						"left": "var(--wp--preset--spacing--50)",
						"right": "var(--wp--preset--spacing--50)",
						"top": "var(--wp--preset--spacing--50)"
					}
				},
				"typography": {
					"fontFamily": "monospace"
				}
			},
			"core/comment-author-name": {
				"typography": {
					"fontSize": "var(--wp--preset--font-size--x-small)"
				}
			},
			"core/comment-date": {
				"typography": {
					"fontSize": "var(--wp--preset--font-size--x-small)"
				}
			},
			"core/comment-edit-link": {
				"typography": {
					"fontSize": "var(--wp--preset--font-size--x-small)"
				}
			},
			"core/comment-reply-link": {
				"typography": {
					"fontSize": "var(--wp--preset--font-size--x-small)"
				}
			},
			"core/gallery": {
				"spacing": {
					"margin": {
						"bottom": "var(--wp--preset--spacing--50)"
					}
				}
			},
			"core/heading": {
				"color": {
					"text": "var(--wp--preset--color--foreground)"
				},
				"elements": {
					"link": {
						"color": {
							"text": "var(--wp--preset--color--foreground)"
						}
					}
				}
			},
			"core/list": {
				"spacing": {
					"padding": {
						"left": "var(--wp--preset--spacing--50)"
					}
				}
			},
			"core/navigation": {
				"elements": {
					"link": {
						":hover": {
							"typography": {
								"textDecoration": "underline"
							}
						},
						"typography": {
							"textDecoration": "none"
						}
					}
				},
				"typography": {
					"fontSize": "var(--wp--preset--font-size--small)"
				}
			},
			"core/post-author-name": {
				"elements": {
					"link": {
						":hover": {
							"typography": {
								"textDecoration": "underline"
							}
						},
						"typography": {
							"textDecoration": "none"
						}
					}
				}
			},
			"core/post-comments-count": {
				"typography": {
					"fontSize": "var(--wp--preset--font-size--x-small)"
				}
			},
			"core/post-comments-link": {
				"typography": {
					"fontSize": "var(--wp--preset--font-size--x-small)"
				}
			},
			"core/post-date": {
				"color": {
					"text": "#11181fa6"
				},
				"elements": {
					"link": {
						":hover": {
							"typography": {
								"textDecoration": "underline"
							}
						},
						"typography": {
							"textDecoration": "none"
						}
					}
				},
				"typography": {
					"fontSize": "var(--wp--preset--font-size--x-small)"
				}
			},
			"core/post-terms": {
				"typography": {
					"fontSize": "var(--wp--preset--font-size--x-small)"
				}
			},
			"core/post-title": {
				"color": {
					"text": "var(--wp--preset--color--foreground)"
				},
				"elements": {
					"link": {
						":hover": {
							"color": {
								"text": "var(--wp--preset--color--primary)"
							},
							"typography": {
								"textDecoration": "underline"
							}
						},
						"color": {
							"text": "var(--wp--preset--color--foreground)"
						},
						"typography": {
							"textDecoration": "none"
						}
					}
				},
				"typography": {
					"fontSize": "var(--wp--preset--font-size--xx-large)",
					"fontStyle": "normal",
					"fontWeight": "600"
				}
			},
			"core/pullquote": {
				"border": {
					"color": "var(--wp--preset--color--foreground)",
					"style": "solid",
					"width": "1px 0"
				},
				"spacing": {
					"padding": {
						"bottom": "var(--wp--preset--spacing--50)",
						"left": "var(--wp--preset--spacing--50)",
						"right": "var(--wp--preset--spacing--50)",
						"top": "var(--wp--preset--spacing--50)"
					}
				},
				"typography": {
					"fontSize": "var(--wp--preset--font-size--medium)",
					"fontStyle": "italic"
				}
			},
			"core/quote": {
				"border": {
					"color": "var(--wp--preset--color--foreground)",
					"style": "solid",
					"width": "0 0 0 5px"
				},
				"spacing": {
					"padding": {
						"left": "var(--wp--preset--spacing--50)"
					}
				},
				"typography": {
					"fontStyle": "italic"
				},
				"variations": {
					"plain": {
						"border": {
							"width": "0"
						},
						"spacing": {
							"padding": {
								"left": "0"
							}
						},
						"typography": {
							"fontStyle": "normal"
						}
					}
				}
			},
			"core/search": {
				"border": {
					"radius": "50px"
				},
				"typography": {
					"fontSize": "var(--wp--preset--font-size--small)",
					"lineHeight": "1.2"
				}
			},
			"core/separator": {
				"border": {
					"color": "currentColor",
					"style": "solid",
					"width": "0 0 1px 0"
				},
				"color": {
					"text": "var(--wp--preset--color--foreground)"
				}
			},
			"core/site-tagline": {
				"typography": {
					"fontSize": "var(--wp--preset--font-size--small)"
				}
			},
			"core/site-title": {
				"elements": {
					"link": {
						":hover": {
							"color": {
								"text": "var(--wp--preset--color--foreground)"
							},
							"typography": {
								"textDecoration": "underline"
							}
						},
						"color": {
							"text": "var(--wp--preset--color--foreground)"
						},
						"typography": {
							"textDecoration": "none"
						}
					}
				},
				"typography": {
					"fontFamily": "var(--wp--preset--font-family--playfair-display)",
					"fontSize": "var(--wp--preset--font-size--large)",
					"fontStyle": "italic",
					"fontWeight": "600"
				}
			}
		},
		"color": {
			"background": "var(--wp--preset--color--background)",
			"text": "var(--wp--preset--color--foreground)"
		},
		"elements": {
			"button": {
				":active": {
					"color": {
						"background": "var(--wp--preset--color--foreground)",
						"text": "var(--wp--preset--color--background)"
					}
				},
				":focus": {
					"color": {
						"background": "var(--wp--preset--color--foreground)",
						"text": "var(--wp--preset--color--background)"
					},
					"outline": {
						"color": "var(--wp--preset--color--primary)",
						"offset": "2px",
						"style": "dotted",
						"width": "1px"
					}
				},
				":hover": {
					"color": {
						"background": "var(--wp--preset--color--secondary)",
						"text": "var(--wp--preset--color--background)"
					}
				},
				"border": {
					"radius": "0.25rem"
				},
				"color": {
					"background": "var(--wp--preset--color--primary)",
					"text": "var(--wp--preset--color--background)"
				}
			},
			"h1": {
				"typography": {
					"fontSize": "var(--wp--preset--font-size--xx-large)",
					"lineHeight": "1.125"
				}
			},
			"h2": {
				"typography": {
					"fontSize": "var(--wp--preset--font-size--x-large)",
					"lineHeight": "1.152"
				}
			},
			"h3": {
				"typography": {
					"fontSize": "var(--wp--preset--font-size--large)",
					"lineHeight": "1.28"
				}
			},
			"h4": {
				"typography": {
					"fontSize": "clamp(1.1rem, 1.1rem + ((1vw - 0.2rem) * 0.767), 1.5rem)"
				}
			},
			"h5": {
				"typography": {
					"fontFamily": "var(--wp--preset--font-family--instrument-sans)",
					"fontSize": "var(--wp--preset--font-size--medium)",
					"lineHeight": "1.5"
				}
			},
			"h6": {
				"typography": {
					"fontFamily": "var(--wp--preset--font-family--instrument-sans)",
					"fontSize": "var(--wp--preset--font-size--small)",
					"lineHeight": "1.5",
					"textTransform": "uppercase"
				}
			},
			"heading": {
				"typography": {
					"fontFamily": "var(--wp--preset--font-family--playfair-display)",
					"fontStyle": "normal",
					"fontWeight": "600",
					"lineHeight": "1.2"
				}
			},
			"link": {
				":hover": {
					"color": {
						"text": "var(--wp--preset--color--primary)"
					},
					"typography": {
						"textDecoration": "none"
					}
				},
				"color": {
					"text": "var(--wp--preset--color--foreground)"
				}
			}
		},
		"spacing": {
			"blockGap": "var(--wp--preset--spacing--50)",
			"padding": {
				"bottom": "0px",
				"left": "var(--wp--preset--spacing--50)",
				"right": "var(--wp--preset--spacing--50)",
				"top": "0px"
			}
		},
		"typography": {
			"fontFamily": "var(--wp--preset--font-family--instrument-sans)",
			"fontSize": "var(--wp--preset--font-size--medium)",
			"fontStyle": "normal",
			"fontWeight": "400",
			"lineHeight": "1.6"
		}
	},
	"templateParts": [
		{
			"area": "header",
			"name": "header"
		},
		{
			"area": "footer",
			"name": "footer"
		}
	],
	"version": 3
}